{
    "init": [
        0.643048128342246,
        0.924783561405641
    ],
    "1": [
        0.6390374331550802,
        0.9260938670065781
    ],
    "2": [
        0.6270053475935828,
        0.9296755579137017
    ],
    "3": [
        0.6336898395721925,
        0.933461894227398
    ],
    "4": [
        0.6403743315508021,
        0.9368131232841818
    ],
    "5": [
        0.6270053475935828,
        0.9388776055178345
    ],
    "6": [
        0.6283422459893048,
        0.9433979312511449
    ],
    "7": [
        0.6323529411764706,
        0.943109880863431
    ],
    "8": [
        0.6296791443850267,
        0.9480031418164973
    ],
    "9": [
        0.6336898395721925,
        0.9516119869514976
    ],
    "10": [
        0.6296791443850267,
        0.9542634623371105
    ],
    "11": [
        0.6256684491978609,
        0.9548983869915293
    ],
    "12": [
        0.6270053475935828,
        0.9584917666611635
    ],
    "13": [
        0.643048128342246,
        0.9592195824171722
    ],
    "14": [
        0.6350267379679144,
        0.960231534892277
    ],
    "15": [
        0.6363636363636364,
        0.9592082896089894
    ],
    "16": [
        0.6350267379679144,
        0.9609938583498805
    ],
    "17": [
        0.6377005347593583,
        0.9662562231483984
    ],
    "18": [
        0.6363636363636364,
        0.966064948382062
    ],
    "19": [
        0.643048128342246,
        0.9639591733280904
    ],
    "20": [
        0.6390374331550802,
        0.9702783605422989
    ],
    "21": [
        0.6350267379679144,
        0.9699869697910725
    ],
    "22": [
        0.6363636363636364,
        0.9736123268393612
    ],
    "23": [
        0.6323529411764706,
        0.976865287218942
    ],
    "24": [
        0.6363636363636364,
        0.9809266844672312
    ],
    "25": [
        0.6390374331550802,
        0.9826904524501778
    ],
    "26": [
        0.6377005347593583,
        0.9856673367166693
    ],
    "27": [
        0.6323529411764706,
        0.989297943800009
    ],
    "28": [
        0.6323529411764706,
        0.9891333210619696
    ],
    "29": [
        0.6377005347593583,
        0.9946640891294044
    ],
    "30": [
        0.6390374331550802,
        0.9954417596396199
    ],
    "31": [
        0.643048128342246,
        0.9917679617325846
    ],
    "32": [
        0.6457219251336899,
        0.997309196029927
    ],
    "33": [
        0.643048128342246,
        0.9973146435918332
    ],
    "34": [
        0.6417112299465241,
        0.999823916345324
    ],
    "35": [
        0.643048128342246,
        0.996020267509093
    ],
    "36": [
        0.6470588235294118,
        0.999896798015794
    ],
    "37": [
        0.6483957219251337,
        1.0011717954820765
    ],
    "38": [
        0.6457219251336899,
        1.0001362695425904
    ],
    "39": [
        0.6443850267379679,
        1.0019354123728765
    ],
    "40": [
        0.6457219251336899,
        0.9990963901679212
    ],
    "41": [
        0.643048128342246,
        0.9959253077454274
    ],
    "42": [
        0.6524064171122995,
        0.9952856282906762
    ],
    "43": [
        0.6524064171122995,
        0.9926290058182016
    ],
    "44": [
        0.6510695187165776,
        0.9925401897029987
    ],
    "45": [
        0.6537433155080213,
        0.9939107559990928
    ],
    "46": [
        0.6510695187165776,
        0.9964822561204271
    ],
    "47": [
        0.6483957219251337,
        0.9896850816197702
    ],
    "48": [
        0.6550802139037433,
        0.9925116381151409
    ],
    "49": [
        0.6457219251336899,
        0.9892757720299831
    ],
    "50": [
        0.6457219251336899,
        0.9893256970953691
    ],
    "51": [
        0.6403743315508021,
        0.9913044059372679
    ]
}