{
    "init": [
        0.643048128342246,
        0.924783561405641
    ],
    "1": [
        0.6390374331550802,
        0.9260938670065781
    ]
}