{
    "init": [
        0.5467914438502673,
        1.0139356947169769
    ],
    "1": [
        0.5481283422459893,
        1.0087535162542132
    ]
}