{
    "init": [
        0.35294117647058826,
        1.1618792093353576
    ],
    "1": [
        0.3449197860962567,
        1.1730223390553067
    ]
}