{
    "init": [
        0.26871657754010697,
        1.1428999666888475
    ],
    "1": [
        0.28475935828877,
        1.1111466940998365
    ],
    "2": [
        0.33288770053475936,
        1.0795533683272402
    ],
    "3": [
        0.410427807486631,
        1.04796486768642
    ],
    "4": [
        0.4772727272727273,
        1.0258650796974735
    ],
    "5": [
        0.5213903743315508,
        1.00538174653146
    ],
    "6": [
        0.589572192513369,
        0.985754809924598
    ],
    "7": [
        0.6256684491978609,
        0.9703956114061172
    ],
    "8": [
        0.6697860962566845,
        0.9528502077047999
    ],
    "9": [
        0.696524064171123,
        0.9362284977668741
    ],
    "10": [
        0.7179144385026738,
        0.9179780693919867
    ],
    "11": [
        0.732620320855615,
        0.9043576065957987
    ],
    "12": [
        0.7419786096256684,
        0.8967613961965026
    ],
    "13": [
        0.7513368983957219,
        0.8867377830135453
    ],
    "14": [
        0.7513368983957219,
        0.8811064365581801
    ],
    "15": [
        0.7566844919786097,
        0.8783317029028775
    ],
    "16": [
        0.7620320855614974,
        0.8674602105881983
    ],
    "17": [
        0.7620320855614974,
        0.8655636710875606
    ],
    "18": [
        0.7633689839572193,
        0.8622564688102129
    ],
    "19": [
        0.7633689839572193,
        0.8612511615493432
    ],
    "20": [
        0.7633689839572193,
        0.8589934872661246
    ],
    "21": [
        0.7647058823529411,
        0.8576174773363643
    ],
    "22": [
        0.7633689839572193,
        0.8570495927557703
    ],
    "23": [
        0.7647058823529411,
        0.8571314586574932
    ],
    "24": [
        0.7633689839572193,
        0.854237293500742
    ],
    "25": [
        0.7620320855614974,
        0.8563905731231969
    ],
    "26": [
        0.7593582887700535,
        0.8577408051447075
    ],
    "27": [
        0.7580213903743316,
        0.8559310889942022
    ],
    "28": [
        0.7606951871657754,
        0.8607793438362
    ],
    "29": [
        0.7606951871657754,
        0.8610375347404639
    ],
    "30": [
        0.7580213903743316,
        0.8666512779485129
    ],
    "31": [
        0.7566844919786097,
        0.8678038228007656
    ],
    "32": [
        0.7566844919786097,
        0.8693207835593846
    ],
    "33": [
        0.7566844919786097,
        0.8692875878332118
    ],
    "34": [
        0.7566844919786097,
        0.8749323964798376
    ],
    "35": [
        0.7566844919786097,
        0.8795278940831872
    ],
    "36": [
        0.7566844919786097,
        0.8825077295132507
    ],
    "37": [
        0.7566844919786097,
        0.8816286818486958
    ],
    "38": [
        0.7566844919786097,
        0.8837494284612316
    ],
    "39": [
        0.7566844919786097,
        0.8887094980549198
    ],
    "40": [
        0.7566844919786097,
        0.890673144931986
    ],
    "41": [
        0.7566844919786097,
        0.8884175896636597
    ],
    "42": [
        0.7566844919786097,
        0.8908534569001777
    ],
    "43": [
        0.7566844919786097,
        0.8916112347601827
    ],
    "44": [
        0.7566844919786097,
        0.8945627377184283
    ],
    "45": [
        0.7566844919786097,
        0.8939296114325465
    ],
    "46": [
        0.7566844919786097,
        0.8981954156917796
    ],
    "47": [
        0.7553475935828877,
        0.8977470351545138
    ],
    "48": [
        0.7553475935828877,
        0.9023397103232197
    ],
    "49": [
        0.7553475935828877,
        0.9016585573678086
    ],
    "50": [
        0.7553475935828877,
        0.9019342355153317
    ],
    "51": [
        0.7566844919786097,
        0.9032481625288006
    ]
}