{
    "init": [
        0.6858288770053476,
        0.9272967652317847
    ],
    "1": [
        0.713903743315508,
        0.9115792113792585
    ]
}