{
    "init": [
        0.7566844919786097,
        0.8527886136883698
    ],
    "1": [
        0.7540106951871658,
        0.8564625020892657
    ]
}