{
    "init": [
        0.7179144385026738,
        0.853243324519572
    ],
    "1": [
        0.7125668449197861,
        0.8668635272103543
    ]
}