{
    "init": [
        0.6858288770053476,
        0.9272967652317847
    ],
    "1": [
        0.713903743315508,
        0.9115792113792585
    ],
    "2": [
        0.7205882352941176,
        0.9039067038274166
    ],
    "3": [
        0.7580213903743316,
        0.8945059985782176
    ],
    "4": [
        0.7713903743315508,
        0.8853608830581274
    ],
    "5": [
        0.7754010695187166,
        0.8741359649934249
    ],
    "6": [
        0.7700534759358288,
        0.8670042619753291
    ],
    "7": [
        0.7727272727272727,
        0.8570811738660808
    ],
    "8": [
        0.7687165775401069,
        0.8576828214493832
    ],
    "9": [
        0.767379679144385,
        0.8468362565747909
    ],
    "10": [
        0.767379679144385,
        0.842811945943655
    ],
    "11": [
        0.767379679144385,
        0.8354973351583712
    ],
    "12": [
        0.7700534759358288,
        0.8304308130757008
    ],
    "13": [
        0.7687165775401069,
        0.8260925759460002
    ],
    "14": [
        0.7687165775401069,
        0.8228932225962847
    ],
    "15": [
        0.767379679144385,
        0.8215648030087291
    ],
    "16": [
        0.766042780748663,
        0.8179049328594896
    ],
    "17": [
        0.767379679144385,
        0.8126397477111249
    ],
    "18": [
        0.767379679144385,
        0.8153169698254927
    ],
    "19": [
        0.767379679144385,
        0.81136416936006
    ],
    "20": [
        0.7633689839572193,
        0.8111779704719801
    ],
    "21": [
        0.766042780748663,
        0.8098320989411272
    ],
    "22": [
        0.7633689839572193,
        0.809883176058417
    ],
    "23": [
        0.7647058823529411,
        0.8122250963557647
    ],
    "24": [
        0.7633689839572193,
        0.8090006051100077
    ],
    "25": [
        0.7633689839572193,
        0.8071083569937091
    ],
    "26": [
        0.7620320855614974,
        0.8114681352342767
    ],
    "27": [
        0.7633689839572193,
        0.8145699576846431
    ],
    "28": [
        0.7633689839572193,
        0.8136725383722555
    ],
    "29": [
        0.7620320855614974,
        0.8145001576368767
    ],
    "30": [
        0.7620320855614974,
        0.8139675099285771
    ],
    "31": [
        0.7620320855614974,
        0.8164765512450904
    ],
    "32": [
        0.7620320855614974,
        0.8163310398796284
    ],
    "33": [
        0.7620320855614974,
        0.8199899874097758
    ],
    "34": [
        0.7620320855614974,
        0.8180206820276738
    ],
    "35": [
        0.7620320855614974,
        0.8177241345036433
    ],
    "36": [
        0.7620320855614974,
        0.8175024588950887
    ],
    "37": [
        0.7620320855614974,
        0.8219066262969285
    ],
    "38": [
        0.7620320855614974,
        0.8235831443450184
    ],
    "39": [
        0.7620320855614974,
        0.8258815437231193
    ],
    "40": [
        0.7620320855614974,
        0.8236579346732982
    ],
    "41": [
        0.7620320855614974,
        0.8224535143596373
    ],
    "42": [
        0.7620320855614974,
        0.8223327443856268
    ],
    "43": [
        0.7620320855614974,
        0.8262307618320893
    ],
    "44": [
        0.7620320855614974,
        0.826651996767755
    ],
    "45": [
        0.7620320855614974,
        0.8245965802014801
    ],
    "46": [
        0.7620320855614974,
        0.8255651164637868
    ],
    "47": [
        0.7620320855614974,
        0.8246088728637403
    ],
    "48": [
        0.7620320855614974,
        0.824930030089903
    ],
    "49": [
        0.7620320855614974,
        0.8283814024844088
    ],
    "50": [
        0.7620320855614974,
        0.8252022728660149
    ],
    "51": [
        0.7620320855614974,
        0.8221872534006207
    ]
}