{
    "init": [
        0.26871657754010697,
        1.1428999666888475
    ],
    "1": [
        0.28475935828877,
        1.1111466940998365
    ]
}