{
    "init": [
        0.4144385026737968,
        1.010346041258018
    ],
    "1": [
        0.5200534759358288,
        0.9863240079548945
    ],
    "2": [
        0.6403743315508021,
        0.9668133498379464
    ],
    "3": [
        0.7312834224598931,
        0.9485047275763365
    ],
    "4": [
        0.7513368983957219,
        0.9283029863188053
    ],
    "5": [
        0.7633689839572193,
        0.9156200000913945
    ],
    "6": [
        0.7606951871657754,
        0.9038272187999153
    ],
    "7": [
        0.7606951871657754,
        0.8910760068468548
    ],
    "8": [
        0.7620320855614974,
        0.8835070519498892
    ],
    "9": [
        0.7606951871657754,
        0.8725179758960514
    ],
    "10": [
        0.7633689839572193,
        0.8636561895169211
    ],
    "11": [
        0.7606951871657754,
        0.860933145121807
    ],
    "12": [
        0.7606951871657754,
        0.8495408511613657
    ],
    "13": [
        0.7620320855614974,
        0.8431572964033345
    ],
    "14": [
        0.7620320855614974,
        0.8427015067815739
    ],
    "15": [
        0.7620320855614974,
        0.8386974900956864
    ],
    "16": [
        0.7620320855614974,
        0.8337028685144504
    ],
    "17": [
        0.7620320855614974,
        0.8288830421322876
    ],
    "18": [
        0.7606951871657754,
        0.8288060179151504
    ],
    "19": [
        0.7620320855614974,
        0.8259700249287549
    ],
    "20": [
        0.7620320855614974,
        0.8229295076949209
    ],
    "21": [
        0.7606951871657754,
        0.8236895438344857
    ],
    "22": [
        0.7620320855614974,
        0.8233752597227938
    ],
    "23": [
        0.7620320855614974,
        0.8191219825924754
    ],
    "24": [
        0.7620320855614974,
        0.8201979028703876
    ],
    "25": [
        0.7620320855614974,
        0.8200904907732042
    ],
    "26": [
        0.7620320855614974,
        0.8208004442081768
    ],
    "27": [
        0.7620320855614974,
        0.8186848638619426
    ],
    "28": [
        0.7620320855614974,
        0.8221751797043965
    ],
    "29": [
        0.7620320855614974,
        0.8238949640296187
    ],
    "30": [
        0.7620320855614974,
        0.8281322218348761
    ],
    "31": [
        0.7633689839572193,
        0.8284349994471338
    ],
    "32": [
        0.7633689839572193,
        0.8295765085883239
    ],
    "33": [
        0.7633689839572193,
        0.8348357499904734
    ],
    "34": [
        0.7647058823529411,
        0.8323559130716874
    ],
    "35": [
        0.7647058823529411,
        0.8364761889622617
    ],
    "36": [
        0.7647058823529411,
        0.8381887493530845
    ],
    "37": [
        0.7633689839572193,
        0.839315284931205
    ],
    "38": [
        0.7647058823529411,
        0.8395882104474047
    ],
    "39": [
        0.7647058823529411,
        0.8437226279167451
    ],
    "40": [
        0.7647058823529411,
        0.8398277399270542
    ],
    "41": [
        0.7633689839572193,
        0.8423211680832523
    ],
    "42": [
        0.7633689839572193,
        0.8389263128661321
    ],
    "43": [
        0.766042780748663,
        0.8397920890958254
    ],
    "44": [
        0.7647058823529411,
        0.8362461448564914
    ],
    "45": [
        0.7647058823529411,
        0.8356725536647054
    ],
    "46": [
        0.7647058823529411,
        0.8342999498513425
    ],
    "47": [
        0.7647058823529411,
        0.8371284457704224
    ],
    "48": [
        0.7647058823529411,
        0.8398649400818197
    ],
    "49": [
        0.766042780748663,
        0.834710348299181
    ],
    "50": [
        0.767379679144385,
        0.834257810653436
    ],
    "51": [
        0.7647058823529411,
        0.8334380301244624
    ]
}