{
    "init": [
        0.4144385026737968,
        1.010346041258018
    ],
    "1": [
        0.5200534759358288,
        0.9863240079548945
    ]
}