{
    "init": [
        0.606951871657754,
        1.014934838275536
    ],
    "1": [
        0.606951871657754,
        0.982608827093664
    ],
    "2": [
        0.6550802139037433,
        0.9495467101030722
    ],
    "3": [
        0.660427807486631,
        0.9254242105885205
    ],
    "4": [
        0.6737967914438503,
        0.8997900126921798
    ],
    "5": [
        0.6818181818181818,
        0.8781452326509561
    ],
    "6": [
        0.7058823529411765,
        0.8562388356896189
    ],
    "7": [
        0.7165775401069518,
        0.8376775126841285
    ],
    "8": [
        0.7272727272727273,
        0.8248804843111482
    ],
    "9": [
        0.7406417112299465,
        0.8106725777986634
    ],
    "10": [
        0.7459893048128342,
        0.8011588597564745
    ],
    "11": [
        0.7566844919786097,
        0.7905318850426604
    ],
    "12": [
        0.7540106951871658,
        0.7835600631680604
    ],
    "13": [
        0.7593582887700535,
        0.7752894676869959
    ],
    "14": [
        0.7593582887700535,
        0.7727487635929889
    ],
    "15": [
        0.7593582887700535,
        0.7632669831787658
    ],
    "16": [
        0.7566844919786097,
        0.7549658406786319
    ],
    "17": [
        0.7566844919786097,
        0.7569256516692509
    ],
    "18": [
        0.7566844919786097,
        0.7481859643920574
    ],
    "19": [
        0.7566844919786097,
        0.7502708092873388
    ],
    "20": [
        0.7566844919786097,
        0.7486719393689822
    ],
    "21": [
        0.7566844919786097,
        0.741957677260876
    ],
    "22": [
        0.7566844919786097,
        0.7440022920316589
    ],
    "23": [
        0.7566844919786097,
        0.7407391650126539
    ],
    "24": [
        0.7566844919786097,
        0.7392946623425389
    ],
    "25": [
        0.7566844919786097,
        0.7379194697668745
    ],
    "26": [
        0.7566844919786097,
        0.7360838316586084
    ],
    "27": [
        0.7566844919786097,
        0.7406690019113037
    ],
    "28": [
        0.7566844919786097,
        0.7368951249173862
    ],
    "29": [
        0.7566844919786097,
        0.7346093052808325
    ],
    "30": [
        0.7566844919786097,
        0.734204460820483
    ],
    "31": [
        0.7566844919786097,
        0.7369619739552883
    ],
    "32": [
        0.7566844919786097,
        0.7313033927938097
    ],
    "33": [
        0.7566844919786097,
        0.7324203955250858
    ],
    "34": [
        0.7566844919786097,
        0.7313638305956717
    ],
    "35": [
        0.7566844919786097,
        0.7275423285814901
    ],
    "36": [
        0.7566844919786097,
        0.7316123845038949
    ],
    "37": [
        0.7566844919786097,
        0.7290365319382979
    ],
    "38": [
        0.7566844919786097,
        0.7265711097552107
    ],
    "39": [
        0.7566844919786097,
        0.7244487510986957
    ],
    "40": [
        0.7566844919786097,
        0.7234725272604763
    ],
    "41": [
        0.7566844919786097,
        0.7255752294112764
    ],
    "42": [
        0.7566844919786097,
        0.7217014508238183
    ],
    "43": [
        0.7566844919786097,
        0.7214898490323717
    ],
    "44": [
        0.7566844919786097,
        0.720826024953565
    ],
    "45": [
        0.7566844919786097,
        0.723262728127264
    ],
    "46": [
        0.7566844919786097,
        0.7179270883582363
    ],
    "47": [
        0.7566844919786097,
        0.7172189185046913
    ],
    "48": [
        0.7566844919786097,
        0.7199711050799517
    ],
    "49": [
        0.7566844919786097,
        0.715870030881013
    ],
    "50": [
        0.7566844919786097,
        0.7147611211184579
    ],
    "51": [
        0.7566844919786097,
        0.7207950887456805
    ],
    "52": [
        0.7593582887700535,
        0.7159601804410403
    ],
    "53": [
        0.7566844919786097,
        0.7139464565605247
    ],
    "54": [
        0.7566844919786097,
        0.7174542367389342
    ],
    "55": [
        0.7566844919786097,
        0.71231361784776
    ],
    "56": [
        0.7566844919786097,
        0.7141115241807023
    ],
    "57": [
        0.7593582887700535,
        0.7133034454188861
    ],
    "58": [
        0.7593582887700535,
        0.7152360883129416
    ],
    "59": [
        0.7566844919786097,
        0.7139792791796092
    ],
    "60": [
        0.7566844919786097,
        0.7219860511203009
    ],
    "61": [
        0.7566844919786097,
        0.7138589351911959
    ],
    "62": [
        0.7593582887700535,
        0.7128515612007456
    ],
    "63": [
        0.7593582887700535,
        0.712770767096378
    ],
    "64": [
        0.7620320855614974,
        0.7149543067768764
    ],
    "65": [
        0.7566844919786097,
        0.7140034642756987
    ],
    "66": [
        0.7566844919786097,
        0.7126429302922449
    ],
    "67": [
        0.7593582887700535,
        0.7122303182247562
    ],
    "68": [
        0.7566844919786097,
        0.7090265001789168
    ],
    "69": [
        0.7620320855614974,
        0.7087192696984004
    ],
    "70": [
        0.7620320855614974,
        0.7139021195506187
    ],
    "71": [
        0.7647058823529411,
        0.7104680191753439
    ],
    "72": [
        0.7647058823529411,
        0.7075039185835654
    ],
    "73": [
        0.7620320855614974,
        0.7065009380925796
    ],
    "74": [
        0.7620320855614974,
        0.7094450751562892
    ],
    "75": [
        0.767379679144385,
        0.708185278788255
    ],
    "76": [
        0.7647058823529411,
        0.7052118701780996
    ],
    "77": [
        0.7647058823529411,
        0.7092814663657822
    ],
    "78": [
        0.7620320855614974,
        0.7068603507987455
    ],
    "79": [
        0.7647058823529411,
        0.7079640311386163
    ],
    "80": [
        0.7647058823529411,
        0.7038948821551987
    ],
    "81": [
        0.7620320855614974,
        0.7033553226414607
    ],
    "82": [
        0.7647058823529411,
        0.706218455597036
    ],
    "83": [
        0.767379679144385,
        0.7064489067903806
    ],
    "84": [
        0.7647058823529411,
        0.7027309173880737
    ],
    "85": [
        0.767379679144385,
        0.7008787243315107
    ],
    "86": [
        0.767379679144385,
        0.702926863262355
    ],
    "87": [
        0.7620320855614974,
        0.7037828423823158
    ],
    "88": [
        0.7700534759358288,
        0.7037229112415272
    ],
    "89": [
        0.7647058823529411,
        0.7030889410548549
    ],
    "90": [
        0.7700534759358288,
        0.7026478091857625
    ],
    "91": [
        0.7700534759358288,
        0.7045867912030614
    ],
    "92": [
        0.7700534759358288,
        0.6982275546233594
    ],
    "93": [
        0.767379679144385,
        0.6949700177736939
    ],
    "94": [
        0.767379679144385,
        0.7051683103605837
    ],
    "95": [
        0.7754010695187166,
        0.7040387162762499
    ],
    "96": [
        0.767379679144385,
        0.7019516316380436
    ],
    "97": [
        0.7700534759358288,
        0.6986067803688849
    ],
    "98": [
        0.767379679144385,
        0.7014194749676389
    ],
    "99": [
        0.7647058823529411,
        0.696806113666965
    ],
    "100": [
        0.767379679144385,
        0.6964688130780032
    ],
    "101": [
        0.7727272727272727,
        0.6961102135042322
    ]
}