{
    "init": [
        0.606951871657754,
        1.014934838275536
    ],
    "1": [
        0.606951871657754,
        0.982608827093664
    ],
    "2": [
        0.6550802139037433,
        0.9495467101030722
    ],
    "3": [
        0.660427807486631,
        0.9254242105885205
    ],
    "4": [
        0.6737967914438503,
        0.8997900126921798
    ],
    "5": [
        0.6818181818181818,
        0.8781452326509561
    ],
    "6": [
        0.7058823529411765,
        0.8562388356896189
    ],
    "7": [
        0.7165775401069518,
        0.8376775126841285
    ],
    "8": [
        0.7272727272727273,
        0.8248804843111482
    ],
    "9": [
        0.7406417112299465,
        0.8106725777986634
    ],
    "10": [
        0.7459893048128342,
        0.8011588597564745
    ],
    "11": [
        0.7566844919786097,
        0.7905318850426604
    ],
    "12": [
        0.7540106951871658,
        0.7835600631680604
    ],
    "13": [
        0.7593582887700535,
        0.7752894676869959
    ],
    "14": [
        0.7593582887700535,
        0.7727487635929889
    ],
    "15": [
        0.7593582887700535,
        0.7632669831787658
    ],
    "16": [
        0.7566844919786097,
        0.7549658406786319
    ],
    "17": [
        0.7566844919786097,
        0.7569256516692509
    ],
    "18": [
        0.7566844919786097,
        0.7481859643920574
    ],
    "19": [
        0.7566844919786097,
        0.7502708092873388
    ],
    "20": [
        0.7566844919786097,
        0.7486719393689822
    ],
    "21": [
        0.7566844919786097,
        0.741957677260876
    ],
    "22": [
        0.7566844919786097,
        0.7440022920316589
    ],
    "23": [
        0.7566844919786097,
        0.7407391650126539
    ],
    "24": [
        0.7566844919786097,
        0.7392946623425389
    ],
    "25": [
        0.7566844919786097,
        0.7379194697668745
    ],
    "26": [
        0.7566844919786097,
        0.7360838316586084
    ],
    "27": [
        0.7566844919786097,
        0.7406690019113037
    ],
    "28": [
        0.7566844919786097,
        0.7368951249173862
    ],
    "29": [
        0.7566844919786097,
        0.7346093052808325
    ],
    "30": [
        0.7566844919786097,
        0.734204460820483
    ],
    "31": [
        0.7566844919786097,
        0.7369619739552883
    ],
    "32": [
        0.7566844919786097,
        0.7313033927938097
    ],
    "33": [
        0.7566844919786097,
        0.7324203955250858
    ],
    "34": [
        0.7566844919786097,
        0.7313638305956717
    ],
    "35": [
        0.7566844919786097,
        0.7275423285814901
    ],
    "36": [
        0.7566844919786097,
        0.7316123845038949
    ],
    "37": [
        0.7566844919786097,
        0.7290365319382979
    ],
    "38": [
        0.7566844919786097,
        0.7265711097552107
    ],
    "39": [
        0.7566844919786097,
        0.7244487510986957
    ],
    "40": [
        0.7566844919786097,
        0.7234725272604763
    ],
    "41": [
        0.7566844919786097,
        0.7255752294112764
    ],
    "42": [
        0.7566844919786097,
        0.7217014508238183
    ],
    "43": [
        0.7566844919786097,
        0.7214898490323717
    ],
    "44": [
        0.7566844919786097,
        0.720826024953565
    ],
    "45": [
        0.7566844919786097,
        0.723262728127264
    ],
    "46": [
        0.7566844919786097,
        0.7179270883582363
    ],
    "47": [
        0.7566844919786097,
        0.7172189185046913
    ],
    "48": [
        0.7566844919786097,
        0.7199711050799517
    ],
    "49": [
        0.7566844919786097,
        0.715870030881013
    ],
    "50": [
        0.7566844919786097,
        0.7147611211184579
    ],
    "51": [
        0.7566844919786097,
        0.7207950887456805
    ]
}