{
    "init": [
        0.606951871657754,
        1.014934838275536
    ],
    "1": [
        0.606951871657754,
        0.982608827093664
    ]
}