{
    "init": [
        0.5909090909090909,
        0.9727090958976231
    ],
    "1": [
        0.6136363636363636,
        0.9693454314203901
    ],
    "2": [
        0.6212121212121212,
        0.9619115761280583
    ],
    "3": [
        0.6136363636363636,
        0.9740728069790688
    ],
    "4": [
        0.5757575757575758,
        0.9652850141008971
    ],
    "5": [
        0.6212121212121212,
        0.9682446641020845
    ],
    "6": [
        0.6136363636363636,
        0.9567552432100085
    ],
    "7": [
        0.6439393939393939,
        0.9594811322090246
    ],
    "8": [
        0.5909090909090909,
        0.9595476791242535
    ],
    "9": [
        0.5833333333333334,
        0.9640091043617274
    ],
    "10": [
        0.6136363636363636,
        0.9609842793304516
    ],
    "11": [
        0.6136363636363636,
        0.9661387409902684
    ],
    "12": [
        0.6363636363636364,
        0.9506892266503286
    ],
    "13": [
        0.5909090909090909,
        0.961554016853846
    ],
    "14": [
        0.6212121212121212,
        0.9629845151518258
    ],
    "15": [
        0.6515151515151515,
        0.954671097106673
    ],
    "16": [
        0.6287878787878788,
        0.9594684035823817
    ],
    "17": [
        0.6060606060606061,
        0.9623076539231692
    ],
    "18": [
        0.6515151515151515,
        0.962366088194042
    ],
    "19": [
        0.5909090909090909,
        0.9639023048818849
    ],
    "20": [
        0.6590909090909091,
        0.9545716439003222
    ],
    "21": [
        0.5833333333333334,
        0.9620699038290689
    ],
    "22": [
        0.6363636363636364,
        0.9573692495165205
    ],
    "23": [
        0.6212121212121212,
        0.9627308739408371
    ],
    "24": [
        0.6287878787878788,
        0.9588976641134552
    ],
    "25": [
        0.6287878787878788,
        0.9576327736372382
    ],
    "26": [
        0.6136363636363636,
        0.9587651604096417
    ],
    "27": [
        0.6060606060606061,
        0.9589552860848903
    ],
    "28": [
        0.6060606060606061,
        0.9637906912291329
    ],
    "29": [
        0.5909090909090909,
        0.9636985594252981
    ],
    "30": [
        0.6287878787878788,
        0.9605501619073838
    ],
    "31": [
        0.5984848484848485,
        0.9636401136859236
    ],
    "32": [
        0.6060606060606061,
        0.960101998670871
    ],
    "33": [
        0.6136363636363636,
        0.9641466854808602
    ],
    "34": [
        0.5757575757575758,
        0.9674329110026467
    ],
    "35": [
        0.6060606060606061,
        0.9662388418717471
    ],
    "36": [
        0.5909090909090909,
        0.9618225287018004
    ],
    "37": [
        0.5833333333333334,
        0.961436816450752
    ],
    "38": [
        0.5909090909090909,
        0.9617264289564249
    ],
    "39": [
        0.6212121212121212,
        0.9539451517035894
    ],
    "40": [
        0.5909090909090909,
        0.9606520156566749
    ],
    "41": [
        0.5681818181818182,
        0.9631972901455175
    ],
    "42": [
        0.5909090909090909,
        0.965353105991443
    ],
    "43": [
        0.5984848484848485,
        0.9592351006979266
    ],
    "44": [
        0.5984848484848485,
        0.9523514240820938
    ],
    "45": [
        0.5606060606060606,
        0.9693223076724535
    ],
    "46": [
        0.553030303030303,
        0.9691280597443773
    ],
    "47": [
        0.6363636363636364,
        0.9598799783044075
    ],
    "48": [
        0.5833333333333334,
        0.9598246665843727
    ],
    "49": [
        0.5984848484848485,
        0.9563899024905553
    ],
    "50": [
        0.5984848484848485,
        0.9553852474746141
    ],
    "51": [
        0.5757575757575758,
        0.9594870354845785
    ],
    "52": [
        0.5984848484848485,
        0.9622213441832872
    ],
    "53": [
        0.6136363636363636,
        0.9596973468602277
    ],
    "54": [
        0.5757575757575758,
        0.9573110005453044
    ],
    "55": [
        0.5681818181818182,
        0.9627029477271069
    ],
    "56": [
        0.6136363636363636,
        0.9516294540319507
    ],
    "57": [
        0.6060606060606061,
        0.9598501096651976
    ],
    "58": [
        0.6060606060606061,
        0.9588432952994665
    ],
    "59": [
        0.6212121212121212,
        0.9565771216062174
    ],
    "60": [
        0.553030303030303,
        0.9703773770142101
    ],
    "61": [
        0.6212121212121212,
        0.961271825961644
    ],
    "62": [
        0.5909090909090909,
        0.9578409244493473
    ],
    "63": [
        0.6060606060606061,
        0.957282416705276
    ],
    "64": [
        0.6136363636363636,
        0.9638180233916678
    ],
    "65": [
        0.5909090909090909,
        0.9596887387822177
    ],
    "66": [
        0.6212121212121212,
        0.9559904786690439
    ],
    "67": [
        0.5984848484848485,
        0.9624213467497884
    ],
    "68": [
        0.5833333333333334,
        0.958957468606068
    ],
    "69": [
        0.6136363636363636,
        0.9654329293540455
    ],
    "70": [
        0.6212121212121212,
        0.9650912545679542
    ],
    "71": [
        0.5681818181818182,
        0.966042974898917
    ],
    "72": [
        0.5909090909090909,
        0.9717142977847045
    ],
    "73": [
        0.6060606060606061,
        0.967416092683939
    ],
    "74": [
        0.5606060606060606,
        0.9662864275851761
    ],
    "75": [
        0.5909090909090909,
        0.9620762093969386
    ],
    "76": [
        0.5606060606060606,
        0.9604085400899466
    ],
    "77": [
        0.5681818181818182,
        0.9666219452458407
    ],
    "78": [
        0.553030303030303,
        0.9723876000957212
    ],
    "79": [
        0.5909090909090909,
        0.9676986756969175
    ],
    "80": [
        0.5757575757575758,
        0.9648682150236451
    ],
    "81": [
        0.5757575757575758,
        0.9732401345590592
    ],
    "82": [
        0.5833333333333334,
        0.9689859889623742
    ],
    "83": [
        0.5833333333333334,
        0.9722596395271762
    ],
    "84": [
        0.5681818181818182,
        0.9655826170768991
    ],
    "85": [
        0.5833333333333334,
        0.9731141016167265
    ],
    "86": [
        0.5833333333333334,
        0.9715539339637109
    ],
    "87": [
        0.5984848484848485,
        0.9706736590864375
    ],
    "88": [
        0.6060606060606061,
        0.963493895998127
    ],
    "89": [
        0.5606060606060606,
        0.9688467012795973
    ],
    "90": [
        0.5833333333333334,
        0.9687371698764544
    ],
    "91": [
        0.6060606060606061,
        0.9610602336953529
    ],
    "92": [
        0.5833333333333334,
        0.9575279442748096
    ],
    "93": [
        0.6060606060606061,
        0.9562461107436878
    ],
    "94": [
        0.5681818181818182,
        0.9673627038440605
    ],
    "95": [
        0.5757575757575758,
        0.9684844758343483
    ],
    "96": [
        0.6136363636363636,
        0.9684404246183603
    ],
    "97": [
        0.5757575757575758,
        0.961367698295474
    ],
    "98": [
        0.5681818181818182,
        0.9706222802196354
    ],
    "99": [
        0.5833333333333334,
        0.9617929501333472
    ],
    "100": [
        0.5681818181818182,
        0.9707280957767441
    ],
    "101": [
        0.5833333333333334,
        0.9622830121589007
    ],
    "102": [
        0.6136363636363636,
        0.9604674944220104
    ],
    "103": [
        0.5984848484848485,
        0.9566104514193262
    ],
    "104": [
        0.5833333333333334,
        0.9620892017975439
    ],
    "105": [
        0.5681818181818182,
        0.9647922852767774
    ],
    "106": [
        0.6060606060606061,
        0.9587273088054289
    ],
    "107": [
        0.5909090909090909,
        0.9641669672349485
    ],