{
    "init": [
        0.41,
        1.020932019105279
    ],
    "1": [
        0.5,
        1.0071182860882784
    ],
    "2": [
        0.48,
        1.0166586012629986
    ],
    "3": [
        0.43,
        1.0193775042172921
    ],
    "4": [
        0.45,
        1.0096843488486655
    ],
    "5": [
        0.47,
        1.0190482241789318
    ],
    "6": [
        0.49,
        1.009865978668957
    ],
    "7": [
        0.44,
        1.0175965024514126
    ],
    "8": [
        0.5,
        1.004473333124035
    ],
    "9": [
        0.5,
        1.0071819888352593
    ],
    "10": [
        0.49,
        1.0070024165370872
    ],
    "11": [
        0.51,
        1.0073689014177567
    ],
    "12": [
        0.49,
        1.003785170807097
    ],
    "13": [
        0.53,
        1.0071080786690765
    ],
    "14": [
        0.52,
        1.0060365588290936
    ],
    "15": [
        0.48,
        1.0103769017587658
    ],
    "16": [
        0.54,
        1.0019894287765048
    ],
    "17": [
        0.5,
        1.0113469701881692
    ],
    "18": [
        0.48,
        1.008754040156911
    ],
    "19": [
        0.52,
        1.0085893967786983
    ],
    "20": [
        0.52,
        1.0184321872138975
    ],
    "21": [
        0.48,
        1.0181691286511734
    ],
    "22": [
        0.5,
        1.0260943382502399
    ],
    "23": [
        0.48,
        1.0250973496687905
    ],
    "24": [
        0.51,
        1.0235054819389497
    ],
    "25": [
        0.48,
        1.032548850446124
    ],
    "26": [
        0.49,
        1.0375430194814486
    ],
    "27": [
        0.47,
        1.04336428596627
    ],
    "28": [
        0.51,
        1.0421069727991765
    ],
    "29": [
        0.44,
        1.0550221615032809
    ],
    "30": [
        0.46,
        1.0573887619390303
    ],
    "31": [
        0.42,
        1.0660380222917873
    ],
    "32": [
        0.44,
        1.0721253856936206
    ],
    "33": [
        0.41,
        1.078452556422074
    ],
    "34": [
        0.44,
        1.0883133657595658
    ],
    "35": [
        0.4,
        1.0995029531049874
    ],
    "36": [
        0.38,
        1.1063746635720622
    ],
    "37": [
        0.38,
        1.1176435745354978
    ],
    "38": [
        0.35,
        1.1232863415859753
    ],
    "39": [
        0.38,
        1.1350762646314598
    ],
    "40": [
        0.37,
        1.1383003712611204
    ],
    "41": [
        0.35,
        1.1500001675711473
    ],
    "42": [
        0.33,
        1.1562388830057997
    ],
    "43": [
        0.32,
        1.171641031578705
    ],
    "44": [
        0.38,
        1.1679316665425659
    ],
    "45": [
        0.36,
        1.1830314172307068
    ],
    "46": [
        0.35,
        1.1871740144289484
    ],
    "47": [
        0.34,
        1.1967642319644036
    ],
    "48": [
        0.35,
        1.1964423224453853
    ],
    "49": [
        0.35,
        1.2159272487320492
    ],
    "50": [
        0.37,
        1.2264629136631413
    ],
    "51": [
        0.34,
        1.2297557674470765
    ],
    "52": [
        0.35,
        1.234519953132163
    ],
    "53": [
        0.33,
        1.243009188288671
    ],
    "54": [
        0.35,
        1.247060310977024
    ],
    "55": [
        0.36,
        1.2526684725001231
    ],
    "56": [
        0.37,
        1.263566678435188
    ],
    "57": [
        0.36,
        1.264742076054944
    ],
    "58": [
        0.37,
        1.2773720420035515
    ],
    "59": [
        0.35,
        1.2804391277895875
    ],
    "60": [
        0.36,
        1.283203304708862
    ],
    "61": [
        0.37,
        1.2897610401505764
    ],
    "62": [
        0.38,
        1.2989978091007401
    ],
    "63": [
        0.35,
        1.3033927952689794
    ],
    "64": [
        0.36,
        1.3094700646132857
    ],
    "65": [
        0.38,
        1.313575157948858
    ],
    "66": [
        0.36,
        1.3282139234472854
    ],
    "67": [
        0.35,
        1.3305931130683435
    ],
    "68": [
        0.36,
        1.3400461946774982
    ],
    "69": [
        0.36,
        1.344946728658105
    ],
    "70": [
        0.37,
        1.3371899760897705
    ],
    "71": [
        0.35,
        1.3568673081860114
    ],
    "72": [
        0.37,
        1.3443448662394462
    ],
    "73": [
        0.37,
        1.3619264297079254
    ],
    "74": [
        0.36,
        1.3652797574583422
    ],
    "75": [
        0.37,
        1.373164248649975
    ],
    "76": [
        0.35,
        1.3769479089634367
    ],
    "77": [
        0.36,
        1.3758857524903303
    ],
    "78": [
        0.37,
        1.375820600691
    ],
    "79": [
        0.36,
        1.391722849872502
    ],
    "80": [
        0.37,
        1.3936927697385824
    ],
    "81": [
        0.36,
        1.3960809074822305
    ],
    "82": [
        0.35,
        1.404004121645537
    ],
    "83": [
        0.36,
        1.413371698900085
    ],
    "84": [
        0.36,
        1.4202832317488432
    ],
    "85": [
        0.36,
        1.4206558687070057
    ],
    "86": [
        0.36,
        1.4161641071917521
    ],
    "87": [
        0.37,
        1.421206952599181
    ],
    "88": [
        0.37,
        1.4189771277664494
    ],
    "89": [
        0.36,
        1.4361624024046835
    ],
    "90": [
        0.36,
        1.432886044081468
    ],
    "91": [
        0.36,
        1.4399483893327008
    ],
    "92": [
        0.36,
        1.4379980618333108
    ],
    "93": [
        0.37,
        1.430879251043879
    ],
    "94": [
        0.36,
        1.4333169834330284
    ],
    "95": [
        0.36,
        1.4374595186458832
    ],
    "96": [
        0.36,
        1.4488256176905834
    ],
    "97": [
        0.36,
        1.4425876960419828
    ],
    "98": [
        0.37,
        1.4448595740001622
    ],
    "99": [
        0.36,
        1.4352458455848973
    ],
    "100": [
        0.36,
        1.4412133781945184
    ],
    "101": [
        0.37,
        1.4387580815792862
    ],
    "102": [
        0.37,
        1.4349454989974455
    ],
    "103": [
        0.36,
        1.4281527780884409
    ],
    "104": [
        0.38,
        1.4301913969261997
    ],
    "105": [
        0.38,
        1.4173192317044332
    ],
    "106": [
        0.36,
        1.4316405862749995
    ],
    "107": [
        0.37,
        1.4184298142061504
    ],
    "108": [
        0.37,
        1.4229593860537388
    ],
    "109": [
        0.37,
        1.4267304190134136
    ],
    "110": [
        0.37,
        1.4315840885709517
    ],
    "111": [
        0.37,
        1.4092713986764889
    ],
    "112": [
        0.37,
        1.4220987899491238
    ],
    "113": [
        0.38,
        1.4337290531000684
    ],
    "114": [
        0.37,
        1.4238796085366545
    ],
    "115": [
        0.36,
        1.4237185892865
    ],
    "116": [
        0.38,
        1.4169509019728304
    ],
    "117": [
        0.38,
        1.4159392589609459
    ],
    "118": [
        0.38,
        1.410744353511851
    ],
    "119": [
        0.37,
        1.4210142827456915
    ],
    "120": [
        0.37,
        1.4161557816751777
    ],
    "121": [
        0.39,
        1.4148578999337074
    ],
    "122": [
        0.37,
        1.4045832207316307
    ],
    "123": [
        0.38,
        1.4013361980668395
    ],
    "124": [
        0.38,
        1.4017973890985802
    ],
    "125": [
        0.39,
        1.3986130145360647
    ],
    "126": [
        0.35,
        1.395665959783413
    ],
    "127": [
        0.38,
        1.3894393087284203
    ],
    "128": [
        0.38,
        1.3993295409310016
    ],
    "129": [
        0.39,
        1.4062352863561873
    ],
    "130": [
        0.38,
        1.3970503816584325
    ],
    "131": [
        0.39,
        1.4034664339074099
    ],
    "132": [
        0.38,
        1.3955688450242587
    ],