{
    "init": [
        0.49423076923076925,
        1.0006197871233602
    ],
    "1": [
        0.5096153846153846,
        1.0000437446755506
    ],
    "2": [
        0.49615384615384617,
        0.9998837259055565
    ],
    "3": [
        0.5,
        1.0002919816661557
    ],
    "4": [
        0.5,
        1.0010602497720023
    ],
    "5": [
        0.5134615384615384,
        0.9978486102022677
    ],
    "6": [
        0.475,
        1.0035069103167054
    ],
    "7": [
        0.4634615384615385,
        1.0021031553045148
    ],
    "8": [
        0.5346153846153846,
        0.9994873421220593
    ],
    "9": [
        0.48653846153846153,
        0.9998465807623513
    ],
    "10": [
        0.5038461538461538,
        1.0005188920379844
    ],
    "11": [
        0.4980769230769231,
        1.001325437743313
    ],
    "12": [
        0.4807692307692308,
        1.0024132271770323
    ],
    "13": [
        0.4673076923076923,
        1.0020454269468118
    ],
    "14": [
        0.5153846153846153,
        0.9996082533365099
    ],
    "15": [
        0.47307692307692306,
        1.0011839790962507
    ],
    "16": [
        0.49423076923076925,
        1.0006802982736445
    ],
    "17": [
        0.4807692307692308,
        1.00120432552812
    ],
    "18": [
        0.47115384615384615,
        1.0021718838194342
    ],
    "19": [
        0.5230769230769231,
        0.9984439528887767
    ],
    "20": [
        0.5211538461538462,
        0.9983198195504238
    ],
    "21": [
        0.48653846153846153,
        1.000454696296005
    ],
    "22": [
        0.48846153846153845,
        1.0018292437313254
    ],
    "23": [
        0.5365384615384615,
        0.9993369707226205
    ],
    "24": [
        0.5326923076923077,
        0.9960167225108307
    ],
    "25": [
        0.5192307692307693,
        0.9984545056401598
    ],
    "26": [
        0.49615384615384617,
        0.9999724982407237
    ],
    "27": [
        0.475,
        1.0017475551043455
    ],
    "28": [
        0.5134615384615384,
        0.9994257826236098
    ],
    "29": [
        0.47115384615384615,
        1.0010694366763695
    ],
    "30": [
        0.49423076923076925,
        1.0025554663573748
    ],
    "31": [
        0.5423076923076923,
        0.9992468205691639
    ],
    "32": [
        0.5076923076923077,
        1.0001769976953425
    ],
    "33": [
        0.5384615384615384,
        0.9975000086901015
    ],
    "34": [
        0.45576923076923076,
        1.0021705936998138
    ],
    "35": [
        0.5134615384615384,
        0.9999530335408184
    ],
    "36": [
        0.5115384615384615,
        1.000834586912618
    ],
    "37": [
        0.5326923076923077,
        0.9990107943796079
    ],
    "38": [
        0.48653846153846153,
        1.0000656018753027
    ],
    "39": [
        0.5019230769230769,
        1.0004069913608709
    ],
    "40": [
        0.5173076923076924,
        0.9988682313498001
    ],
    "41": [
        0.5038461538461538,
        1.0008826051867057
    ],
    "42": [
        0.5019230769230769,
        1.0001135453236962
    ],
    "43": [
        0.5019230769230769,
        0.9999247828145553
    ],
    "44": [
        0.47692307692307695,
        0.9995465696581985
    ],
    "45": [
        0.5230769230769231,
        0.9998032920305031
    ],
    "46": [
        0.5692307692307692,
        0.9973639739545844
    ],
    "47": [
        0.49615384615384617,
        1.001723664552688
    ],
    "48": [
        0.5019230769230769,
        1.0004000974814096
    ],
    "49": [
        0.5,
        1.000463298053124
    ],
    "50": [
        0.49038461538461536,
        1.0006672360861586
    ],
    "51": [
        0.5076923076923077,
        0.9995834222044075
    ],
    "52": [
        0.5576923076923077,
        0.9980288972913895
    ],
    "53": [
        0.525,
        0.9976843756350873
    ],
    "54": [
        0.4807692307692308,
        1.0025165145150408
    ],
    "55": [
        0.4403846153846154,
        1.0022393229227193
    ],
    "56": [
        0.5230769230769231,
        0.9992547586681529
    ],
    "57": [
        0.5442307692307692,
        0.9977381609375129
    ],
    "58": [
        0.49423076923076925,
        1.0005600379858168
    ],
    "59": [
        0.47692307692307695,
        1.0000372268336515
    ],
    "60": [
        0.5326923076923077,
        0.9996491561754889
    ],
    "61": [
        0.47692307692307695,
        1.0016993357180592
    ],
    "62": [
        0.5211538461538462,
        0.998259565302627
    ],
    "63": [
        0.4846153846153846,
        0.9997206530164249
    ],
    "64": [
        0.5038461538461538,
        0.9993138369055459
    ],
    "65": [
        0.49615384615384617,
        0.9991233560047955
    ],
    "66": [
        0.5076923076923077,
        0.9993907474191297
    ],
    "67": [
        0.5057692307692307,
        0.9997613591450154
    ],
    "68": [
        0.5288461538461539,
        0.9984447076885197
    ],
    "69": [
        0.5038461538461538,
        0.9995250796200653
    ],
    "70": [
        0.49230769230769234,
        1.0007324752959936
    ],
    "71": [
        0.5211538461538462,
        0.9991631138109964
    ],
    "72": [
        0.5134615384615384,
        0.9993525873412386
    ],
    "73": [
        0.5134615384615384,
        0.9974564147105772
    ],
    "74": [
        0.5057692307692307,
        0.9984308157646102
    ],
    "75": [
        0.5230769230769231,
        0.9978451415103858
    ],
    "76": [
        0.5057692307692307,
        0.998731875548857
    ],
    "77": [
        0.5211538461538462,
        0.999406297622197
    ],
    "78": [
        0.5346153846153846,
        0.9979032650635663
    ],
    "79": [
        0.48846153846153845,
        0.9991186840501916
    ],
    "80": [
        0.49038461538461536,
        1.001163534581732
    ],
    "81": [
        0.5269230769230769,
        0.9976125625424778
    ],
    "82": [
        0.5211538461538462,
        0.9984974928436816
    ],
    "83": [
        0.5365384615384615,
        0.9969491215422931
    ],
    "84": [
        0.5288461538461539,
        0.9968312331855727
    ],
    "85": [
        0.5269230769230769,
        0.9980054578152788
    ],
    "86": [
        0.5461538461538461,
        0.9974290545236456
    ],
    "87": [
        0.5076923076923077,
        0.9986842898608407
    ],
    "88": [
        0.49038461538461536,
        1.0003309087595502
    ],
    "89": [
        0.46153846153846156,
        1.00006401047969
    ],
    "90": [
        0.5192307692307693,
        0.9983962530673448
    ],
    "91": [
        0.5615384615384615,
        0.995720725593166
    ],
    "92": [
        0.5346153846153846,
        0.9985621913321105
    ],
    "93": [
        0.49615384615384617,
        0.9994011313596237
    ],
    "94": [
        0.49615384615384617,
        1.000371532367629
    ],
    "95": [
        0.551923076923077,
        0.9955641508600732
    ],
    "96": [
        0.4980769230769231,
        0.9988502023098439
    ],
    "97": [
        0.5057692307692307,
        0.9989917817144627
    ],
    "98": [
        0.5057692307692307,
        0.9989206558435346
    ],
    "99": [
        0.4846153846153846,
        0.999201866787835
    ],
    "100": [
        0.5211538461538462,
        0.9985797867562743
    ],
    "101": [
        0.4634615384615385,
        1.0026763979202487
    ]
}